[
  "acre-lowell-ma",
  "acton-center-acton-ma",
  "acton-ma",
  "adams-shore-quincy-ma",
  "addison-orange-chelsea-ma",
  "admirals-hill-chelsea-ma",
  "agassiz-cambridge-ma",
  "allston-boston-ma",
  "amesbury-ma",
  "andover-ma",
  "angleside-waltham-ma",
  "annisquam-gloucester-ma",
  "arlington-heights-arlington-ma",
  "ashcroft-dedham-ma",
  "aspinwall-hill-brookline-ma",
  "assembly-square-somerville-ma",
  "auburndale-newton-ma",
  "back-bay-boston-ma",
  "back-central-lowell-ma",
  "ballardvale-andover-ma",
  "ball-square-somerville-ma",
  "banks-square-waltham-ma",
  "bass-point-nahant-ma",
  "beach-bluff-swampscott-ma",
  "beachmont-revere-ma",
  "beacon-hill-boston-ma",
  "beaconsfield-brookline-ma",
  "bear-hill-stoneham-ma",
  "bearskin-neck-rockport-ma",
  "beaver-brook-waltham-ma",
  "bedford-center-bedford-ma",
  "bedford-ma",
  "belcher-park-randolph-ma",
  "bellingham-square-chelsea-ma",
  "belmont-hill-belmont-ma",
  "belvidere-lowell-ma",
  "bemis-watertown-ma",
  "beverly-cove-beverly-ma",
  "beverly-farms-beverly-ma",
  "beverly-ma",
  "billerica-ma",
  "birds-hill-needham-ma",
  "blacksmith-village-saugus-ma",
  "bleachery-waltham-ma",
  "blue-hills-milton-ma",
  "box-district-chelsea-ma",
  "boxford-ma",
  "bradford-haverhill-ma",
  "braintree-highlands-braintree-ma",
  "braintree-ma",
  "bridge-street-neck-salem-ma",
  "brigham-hill-marlborough-ma",
  "brighton-boston-ma",
  "bristow-saugus-ma",
  "broadmeadow-needham-ma",
  "brockton-ma",
  "brookline-village-brookline-ma",
  "brooksby-farm-peabody-ma",
  "burlington-ma",
  "buttonwood-village-brookline-ma",
  "cambridge-highlands-cambridge-ma",
  "cambridgeport-cambridge-ma",
  "campello-brockton-ma",
  "carter-park-wyndham-area-chelsea-ma",
  "castle-hill-salem-ma",
  "cedar-park-melrose-ma",
  "cedarwood-waltham-ma",
  "centerville-beverly-ma",
  "central-methuen-methuen-ma",
  "central-square-lynn-ma",
  "central-square-woburn-ma",
  "centralville-lowell-ma",
  "charles-river-village-needham-ma",
  "charlestown-boston-ma",
  "chelmsford-ma",
  "chelsea-square-chelsea-ma",
  "chemistry-waltham-ma",
  "chestnut-hill-brookline-ma",
  "chestnut-hill-newton-ma",
  "chiltonville-plymouth-ma",
  "chinatown-boston-ma",
  "cleveland-school-district-norwood-ma",
  "cliftondale-saugus-ma",
  "clifton-marblehead-ma",
  "cochituate-wayland-ma",
  "collinsville-dracut-ma",
  "colonial-heights-lawrence-ma",
  "colonial-park-stoneham-ma",
  "columbine-cliffs-milton-ma",
  "concord-center-concord-ma",
  "concord-ma",
  "coolidge-corner-brookline-ma",
  "corey-hill-brookline-ma",
  "cottage-farm-brookline-ma",
  "cottage-hill-winthrop-ma",
  "cottage-park-winthrop-ma",
  "court-park-winthrop-ma",
  "crawford-square-randolph-ma",
  "crow-point-hingham-ma",
  "cummingsville-woburn-ma",
  "danvers-ma",
  "danversport-danvers-ma",
  "davis-square-somerville-ma",
  "dedham-ma",
  "dedham-square-dedham-ma",
  "devereux-marblehead-ma",
  "diamond-district-lynn-ma",
  "dorchester-boston-ma",
  "dover-ma",
  "downtown-amesbury-amesbury-ma",
  "downtown-andover-andover-ma",
  "downtown-beverly-beverly-ma",
  "downtown-brockton-brockton-ma",
  "downtown-danvers-danvers-ma",
  "downtown-dover-dover-ma",
  "downtown-dunstable-dunstable-ma",
  "downtown-framingham-framingham-ma",
  "downtown-georgetown-georgetown-ma",
  "downtown-gloucester-gloucester-ma",
  "downtown-groveland-groveland-ma",
  "downtown-hamilton-hamilton-ma",
  "downtown-haverhill-haverhill-ma",
  "downtown-hingham-hingham-ma",
  "downtown-hudson-hudson-ma",
  "downtown-ipswich-ipswich-ma",
  "downtown-manchester-by-the-sea-manchester-by-the-sea-ma",
  "downtown-marlborough-marlborough-ma",
  "downtown-melrose-melrose-ma",
  "downtown-merrimac-merrimac-ma",
  "downtown-middleton-middleton-ma",
  "downtown-natick-natick-ma",
  "downtown-newburyport-newburyport-ma",
  "downtown-north-reading-north-reading-ma",
  "downtown-peabody-peabody-ma",
  "downtown-plymouth-plymouth-ma",
  "downtown-reading-reading-ma",
  "downtown-rowley-rowley-ma",
  "downtown-salem-salem-ma",
  "downtown-salisbury-salisbury-ma",
  "downtown-taunton-taunton-ma",
  "downtown-topsfield-topsfield-ma",
  "downtown-tyngsborough-tyngsborough-ma",
  "downtown-west-newbury-west-newbury-ma",
  "downtown-woburn-woburn-ma",
  "dracut-ma",
  "dunstable-ma",
  "east-arlington-arlington-ma",
  "east-bedford-bedford-ma",
  "east-boston-boston-ma",
  "east-boxford-boxford-ma",
  "east-braintree-braintree-ma",
  "east-cambridge-cambridge-ma",
  "east-dedham-dedham-ma",
  "east-hingham-hingham-ma",
  "east-lexington-lexington-ma",
  "east-lynn-lynn-ma",
  "east-methuen-methuen-ma",
  "east-milton-milton-ma",
  "east-nahant-nahant-ma",
  "east-norwood-norwood-ma",
  "east-saugus-saugus-ma",
  "east-side-melrose-ma",
  "east-somerville-somerville-ma",
  "east-taunton-taunton-ma",
  "east-watertown-watertown-ma",
  "east-weymouth-weymouth-ma",
  "edgeworth%2C-malden%2C-ma",
  "edgeworth-malden-ma",
  "ellison-park-waltham-ma",
  "essex-center-essex-ma",
  "essex-ma",
  "faulkner-malden-ma",
  "fay&apos;s-estate-lynn-ma",
  "federal-street-district-salem-ma",
  "feltonville-marlborough-ma",
  "fenway-kenmore-boston-ma",
  "fisher-hill-brookline-ma",
  "follen-heights-lexington-ma",
  "forestdale-malden-ma",
  "forge-village-westford-ma",
  "framingham-ma",
  "french-hill-marlborough-ma",
  "gallows-hill-salem-ma",
  "gardencrest-waltham-ma",
  "georgetown-ma",
  "germantown-quincy-ma",
  "glendale-everett-ma",
  "glen-meadow-waltham-ma",
  "glenwood-medford-ma",
  "gloucester-ma",
  "goat-hill-beverly-ma",
  "golden-hills-saugus-ma",
  "graniteville-westford-ma",
  "greenlodge-dedham-ma",
  "greenwood-wakefield-ma",
  "groveland-ma",
  "hamilton-ma",
  "hammersmith-village-saugus-ma",
  "harvard-square-cambridge-ma",
  "hathorne-danvers-ma",
  "havenville-burlington-ma",
  "haverhill-ma",
  "hendersonville-everett-ma",
  "highland-commons-hudson-ma",
  "highlands-lowell-ma",
  "highlands-waltham-ma",
  "hillside-medford-ma",
  "hingham-centre-hingham-ma",
  "hingham-ma",
  "horace-mann-melrose-ma",
  "houghs-neck-quincy-ma",
  "hudson-ma",
  "hyde-park-boston-ma",
  "ipswich-ma",
  "islington-westwood-ma",
  "jamaica-plain-boston-ma",
  "joppa-newburyport-ma",
  "kendal-green-waltham-ma",
  "kendal-green-weston-ma",
  "lakeside-wakefield-ma",
  "lakeview-tyngsborough-tyngsborough-ma",
  "lakeview-waltham-ma",
  "lawrence-estates-medford-ma",
  "lawrence-ma",
  "lexington-center-lexington-ma",
  "lexington-ma",
  "liberty-plain-hingham-ma",
  "lincoln-center-lincoln-ma",
  "lincoln-ma",
  "linden-everett-ma",
  "linden-malden-ma",
  "little-nahant-nahant-ma",
  "little-neck-ipswich-ma",
  "longwood-brookline-ma",
  "lowell-ma",
  "lynnfield-centre-lynnfield-ma",
  "lynnfield-ma",
  "lynnhurst-saugus-ma",
  "machine-shop-village-north-andover-ma",
  "magnolia-gloucester-ma",
  "magoun-square-somerville-ma",
  "manchester-by-the-sea-ma",
  "manomet-plymouth-ma",
  "maplewood-malden-ma",
  "marblehead-ma",
  "marblehead-neck-marblehead-ma",
  "marina-bay-quincy-ma",
  "marlborough-ma",
  "martins-pond-north-reading-ma",
  "mattapan-boston-ma",
  "medford-hillside-medford-ma",
  "melrose-highlands-melrose-ma",
  "merriam-village-weston-ma",
  "merrimac-ma",
  "merrymount-quincy-ma",
  "methuen-ma",
  "mid-cambridge-cambridge-ma",
  "middleton-ma",
  "mill-hill-chelsea-ma",
  "milton-center-milton-ma",
  "milton-hill-milton-ma",
  "milton-ma",
  "mishawum-woburn-ma",
  "mission-hill-boston-ma",
  "montclair-quincy-ma",
  "montello-brockton-ma",
  "montrose-wakefield-ma",
  "montserrat-beverly-ma",
  "montvale-woburn-ma",
  "morningside-arlington-ma",
  "mount-hood-melrose-ma",
  "mount-vernon-lawrence-ma",
  "munroe-hill-lexington-ma",
  "myopia-hill-winchester-ma",
  "nabnasset-westford-ma",
  "natick-ma",
  "needham-center-needham-ma",
  "needham-heights-needham-ma",
  "needham-junction-needham-ma",
  "needham-ma",
  "needham-terrace-needham-ma",
  "newburyport-ma",
  "newman-needham-ma",
  "newton-centre-newton-ma",
  "newton-corner-newton-ma",
  "newton-highlands-newton-ma",
  "newton-lower-falls-newton-ma",
  "newton-ma",
  "newton-upper-falls-newton-ma",
  "newtonville-newton-ma",
  "nine-acre-corner-concord-ma",
  "nobility-hill-stoneham-ma",
  "nobscot-framingham-ma",
  "nonantum-newton-ma",
  "north-acton-acton-ma",
  "north-andover-junction-north-andover-ma",
  "north-andover-ma",
  "north-bedford-bedford-ma",
  "north-beverly-beverly-ma",
  "north-billerica-billerica-ma",
  "north-brookline-brookline-ma",
  "north-cambridge-cambridge-ma",
  "north-chelmsford-chelmsford-ma",
  "north-end-boston-ma",
  "north-lexington-lexington-ma",
  "north-medford-medford-ma",
  "north-quincy-quincy-ma",
  "north-randolph-randolph-ma",
  "north-reading-ma",
  "north-salem-salem-ma",
  "north-saugus-saugus-ma",
  "north-sudbury-sudbury-ma",
  "north-tewksbury-tewksbury-ma",
  "north-waltham-waltham-ma",
  "north-weymouth-weymouth-ma",
  "north-wilmington-wilmington-ma",
  "north-woburn-woburn-ma",
  "norwood-centre-norwood-ma",
  "norwood-ma",
  "oakdale-dedham-ma",
  "oak-grove-malden-ma",
  "oak-hill-newton-ma",
  "oak-island-revere-ma",
  "oaklandvale-saugus-ma",
  "ocean-spray-winthrop-ma",
  "old-center-north-andover-ma",
  "old-town-marblehead-ma",
  "olmsted-district-swampscott-ma",
  "parker-village-dracut-ma",
  "pawtucketville-lowell-ma",
  "peabody-ma",
  "phillips-point-swampscott-ma",
  "piety-corner-waltham-ma",
  "pigeon-cove-rockport-ma",
  "pine-glen-burlington-ma",
  "pine-hill-lynn-ma",
  "pinehurst-billerica-ma",
  "pleasant-hills-saugus-ma",
  "plymouth-ma",
  "point-of-pines-revere-ma",
  "point-shirley-winthrop-ma",
  "porter-square-cambridge-ma",
  "powder-house-square-somerville-ma",
  "prattville-chelsea-ma",
  "prospectville-waltham-ma",
  "putnamville-danvers-ma",
  "quincy-center-quincy-ma",
  "quincy-ma",
  "quincy-point-quincy-ma",
  "randolph-ma",
  "reading-highlands-reading-ma",
  "reading-ma",
  "riverdale-dedham-ma",
  "riverside-cambridge-ma",
  "riverside-haverhill-ma",
  "roberts-waltham-ma",
  "rock-alley-waltham-ma",
  "rockport-ma",
  "rocks-village-haverhill-ma",
  "rosemary-hills-needham-ma",
  "roslindale-boston-ma",
  "rowley-ma",
  "roxbury%2C-boston%2C-ma",
  "roxbury-boston-ma",
  "ryal-side-beverly-ma",
  "salem-common-salem-ma",
  "salem-ma",
  "salisbury-beach-salisbury-ma",
  "salisbury-ma",
  "saugus-center-saugus-ma",
  "saxonville-framingham-ma",
  "scott&apos;s-woods-milton-ma",
  "shakerhill-woburn-ma",
  "shawsheen-village-andover-ma",
  "shirley-ave-revere-ma",
  "silver-lake-wilmington-ma",
  "six-moon-hill-lexington-ma",
  "soldiers-home-chelsea-ma",
  "soliders-home-chelsea-ma",
  "south-acton-acton-ma",
  "south-amesbury-amesbury-ma",
  "south-bedford-bedford-ma",
  "south-boston-boston-ma",
  "south-braintree-braintree-ma",
  "south-brookline-brookline-ma",
  "south-chelmsford-chelmsford-ma",
  "south-end-boston-ma",
  "south-hamilton-hamilton-ma",
  "south-hingham-hingham-ma",
  "south-lawrence-lawrence-ma",
  "south-lincoln-lincoln-ma",
  "south-lowell-lowell-ma",
  "south-lynnfield-lynnfield-ma",
  "south-medford-medford-ma",
  "south-milton-milton-ma",
  "south-natick-natick-ma",
  "south-norwood-norwood-ma",
  "south-peabody-peabody-ma",
  "south-quincy-quincy-ma",
  "south-randolph-randolph-ma",
  "south-salem-salem-ma",
  "south-side-waltham-ma",
  "south-sudbury-sudbury-ma",
  "south-tewksbury-tewksbury-ma",
  "south-weymouth-weymouth-ma",
  "spring-hill-somerville-ma",
  "squantum-quincy-ma",
  "strawberry-hill-cambridge-ma",
  "sudbury-center-sudbury-ma",
  "sudbury-ma",
  "tapleyville-danvers-ma",
  "taunton-ma",
  "tedesco-marblehead-ma",
  "teele-square-somerville-ma",
  "tewksbury-ma",
  "the-highlands-lynn-ma",
  "the-lanes-waltham-ma",
  "the-line-everett-ma",
  "the-manor-dedham-ma",
  "the-point-salem-ma",
  "the-port-cambridge-ma",
  "the-village-everett-ma",
  "thompsonville-newton-ma",
  "thoreau-hills-concord-ma",
  "topsfield-ma",
  "town-center-burlington-ma",
  "tripoli-framingham-ma",
  "tripps-pond-hudson-ma",
  "tyngsborough-ma",
  "union-square-somerville-ma",
  "university-station-westwood-ma",
  "waban-newton-ma",
  "walnut-hill-woburn-ma",
  "waltham-ma",
  "ward-hill-haverhill-ma",
  "warrendale-waltham-ma",
  "washington-square-brookline-ma",
  "waterfront-district-chelsea-ma",
  "watertown-square-watertown-ma",
  "waverly-belmont-ma",
  "wayland-center-wayland-ma",
  "wayland-ma",
  "wellesley-farms-wellesley-ma",
  "wellesley-fells-wellesley-ma",
  "wellesley-hills-wellesley-ma",
  "wellesley-ma",
  "wellington-harrington-cambridge-ma",
  "wellington-medford-ma",
  "west-acton-acton-ma",
  "west-boxford-boxford-ma",
  "west-cambridge-cambridge-ma",
  "west-concord-concord-ma",
  "west-end-boston-ma",
  "west-end-malden-ma",
  "west-everett-everett-ma",
  "westford-ma",
  "west-hingham-hingham-ma",
  "west-lexington-lexington-ma",
  "west-lynn-lynn-ma",
  "west-medford-medford-ma",
  "west-methuen-methuen-ma",
  "west-natick-natick-ma",
  "west-newbury-ma",
  "west-newton-newton-ma",
  "weston-ma",
  "west-peabody-peabody-ma",
  "west-quincy-quincy-ma",
  "west-revere-revere-ma",
  "west-roxbury-boston-ma",
  "west-somerville-somerville-ma",
  "west-street-reading-ma",
  "westville-taunton-ma",
  "westwood-ma",
  "weymouth-landing-braintree-ma",
  "weymouth-landing-weymouth-ma",
  "weymouth-ma",
  "whittenton-taunton-ma",
  "wilmington-ma",
  "winchester-highlands-winchester-ma",
  "winchester-ma",
  "winchester-town-center-winchester-ma",
  "winn-brook-belmont-ma",
  "winnmere-burlington-ma",
  "winslow-brothers-district-norwood-ma",
  "winter-hill-somerville-ma",
  "winthrop-beach-winthrop-ma",
  "winthrop-highlands-winthrop-ma",
  "witchcraft-heights-salem-ma",
  "woburn-highlands-woburn-ma",
  "woburn-ma",
  "woodlawn-everett-ma",
  "wyoma-lynn-ma",
  "wyoming-melrose-ma",
]
